time,vtec_tecu,vtec_model,station
2026-01-27 00:00:00,18.388356250237127,19.25397736268503,HKCL
2026-01-27 00:10:00,20.655038100481207,19.811004861050684,HKCL
2026-01-27 00:20:00,22.79774508798512,20.30733045008617,HKCL
2026-01-27 00:30:00,24.943933222224093,20.74024565416569,HKCL
2026-01-27 00:40:00,24.21339726661722,21.002297119918797,HKCL
2026-01-27 00:50:00,23.60762406857109,20.58781926857872,HKCL
2026-01-27 01:00:00,24.88885884861258,14.593933187083795,HKCL
2026-01-27 01:10:00,23.48074010511821,16.294692203468628,HKCL
2026-01-27 01:20:00,22.10098864908871,17.626061267493164,HKCL
2026-01-27 01:30:00,22.58104846976042,18.844560558612145,HKCL
2026-01-27 01:40:00,23.749730781727354,20.223115468752553,HKCL
2026-01-27 01:50:00,24.16426587605243,21.785867696632906,HKCL
2026-01-27 02:00:00,25.940110265678236,21.003857152845928,HKCL
2026-01-27 02:10:00,21.461901668752574,17.200985445618002,HKCL
2026-01-27 02:20:00,24.422139488908996,18.607947577313226,HKCL
2026-01-27 02:30:00,23.325604350106303,20.100533622764395,HKCL
2026-01-27 02:40:00,25.067840052005124,21.700788497730283,HKCL
2026-01-27 02:50:00,24.72719909759455,17.329576009266976,HKCL
2026-01-27 03:00:00,25.63993718090738,10.592350692849132,HKCL
2026-01-27 03:10:00,25.20284168090018,10.3320340413655,HKCL
2026-01-27 03:20:00,23.603177300921303,12.342878824717772,HKCL
2026-01-27 03:30:00,22.633324727750633,15.44973556074261,HKCL
2026-01-27 03:40:00,20.741291953548107,19.39674142106198,HKCL
2026-01-27 03:50:00,15.390044405908235,15.839728503507382,HKCL
2026-01-27 04:00:00,14.982418968525927,10.80581690429663,HKCL
2026-01-27 04:10:00,14.467821426339206,12.401355669668284,HKCL
2026-01-27 04:20:00,12.644748792187833,7.137195107660383,HKCL
2026-01-27 04:30:00,9.436685567578863,7.854124950339228,HKCL
2026-01-27 04:40:00,9.1885927333932,9.465098404991613,HKCL
2026-01-27 04:50:00,4.707934691847498,12.045561333327065,HKCL
2026-01-27 05:00:00,4.471248384878038,6.521316424698074,HKCL
2026-01-27 05:20:00,0.0,-0.9284605941916784,HKCL
2026-01-27 05:30:00,0.0,0.5149079317932488,HKCL
2026-01-27 05:40:00,5.817446123750159,2.1708671574900382,HKCL
2026-01-27 05:50:00,9.8632728897689,3.689891344584732,HKCL
2026-01-27 06:00:00,12.810795846411636,6.10506595890832,HKCL
2026-01-27 06:10:00,15.762792093561586,7.2678890839236505,HKCL
2026-01-27 06:20:00,19.14466893285492,8.63566142695142,HKCL
2026-01-27 06:30:00,22.049245425780875,10.840370187246576,HKCL
2026-01-27 06:40:00,18.9325149999475,11.878913515720168,HKCL
2026-01-27 06:50:00,16.65262631287478,13.74081108235384,HKCL
2026-01-27 07:00:00,15.030703363753965,20.36464243524882,HKCL
2026-01-27 07:10:00,11.925183364737585,22.501820352732206,HKCL
2026-01-27 07:20:00,7.277020550986819,19.46386746173727,HKCL
2026-01-27 07:30:00,8.553004462447745,9.788436890145281,HKCL
2026-01-27 07:40:00,9.057859823384746,8.935188081547139,HKCL
2026-01-27 07:50:00,9.87200612016721,8.348500450412107,HKCL
2026-01-27 08:00:00,12.516431527535648,12.313817881696624,HKCL
2026-01-27 08:10:00,12.417443126780658,14.589145417067957,HKCL
2026-01-27 08:20:00,14.704223526662254,17.862626003192773,HKCL
2026-01-27 08:30:00,16.07810880575439,20.68390156918315,HKCL
2026-01-27 08:40:00,18.174766105736133,19.84588620683853,HKCL
2026-01-27 08:50:00,19.454867353145566,16.202280889810996,HKCL
2026-01-27 09:00:00,20.007679882113145,18.604594176537187,HKCL
2026-01-27 09:10:00,15.944130243454268,18.750190235948125,HKCL
2026-01-27 09:20:00,14.65389738290892,18.524653451651076,HKCL
2026-01-27 09:30:00,14.35884841741412,16.60433016045201,HKCL
2026-01-27 09:40:00,14.621091128267945,14.912020952327316,HKCL
2026-01-27 09:50:00,15.170189938580723,13.841013354602396,HKCL
2026-01-27 10:00:00,15.368310987486272,14.220842675525354,HKCL
2026-01-27 10:10:00,15.26211643374447,14.305953108690137,HKCL
2026-01-27 10:20:00,26.019511203254645,19.98179551960072,HKCL
2026-01-27 10:30:00,29.1015958231443,22.439190975381575,HKCL
2026-01-27 10:40:00,31.136810419294243,27.340006016446004,HKCL
2026-01-27 10:50:00,30.67090136145362,30.310817873300103,HKCL
2026-01-27 11:00:00,28.571693407743584,31.029362028428853,HKCL
2026-01-27 11:10:00,26.21240309116955,33.506267229077885,HKCL
2026-01-27 11:20:00,24.181522790261454,29.93307421022725,HKCL
2026-01-27 11:30:00,18.372517614312883,19.35207640811486,HKCL
2026-01-27 11:40:00,17.701381582384577,19.691601734505646,HKCL
2026-01-27 11:50:00,18.092031401233776,16.184285501015168,HKCL
2026-01-27 12:00:00,15.72228201007383,14.700085120214116,HKCL
2026-01-27 12:10:00,14.678152239548904,17.021493210804202,HKCL
2026-01-27 12:20:00,15.64698711970248,19.898981297740733,HKCL
2026-01-27 12:30:00,18.148578465270276,21.179019480349034,HKCL
2026-01-27 12:40:00,18.331239824194853,19.416884434726633,HKCL
2026-01-27 12:50:00,17.37998660016288,20.298361535591255,HKCL
2026-01-27 13:00:00,19.49222295127891,18.25207400102032,HKCL
2026-01-27 13:10:00,23.00732135825333,23.61603199843578,HKCL
2026-01-27 13:20:00,21.270831049803608,26.37589476597774,HKCL
2026-01-27 13:30:00,18.962486705709914,28.878126102444323,HKCL
2026-01-27 13:40:00,19.372039901434103,31.022198467101518,HKCL
2026-01-27 13:50:00,18.599430279201147,8.52116174153449,HKCL
2026-01-27 14:00:00,24.352096557491002,15.975704771208628,HKCL
2026-01-27 14:10:00,12.21390612714913,6.880242491249589,HKCL
2026-01-27 14:20:00,11.720897671657449,5.293261244710196,HKCL
2026-01-27 14:30:00,11.423194138175962,4.921346564138349,HKCL
2026-01-27 14:40:00,11.27971372305603,5.40364605021774,HKCL
2026-01-27 14:50:00,10.172735068156701,6.139888776262161,HKCL
2026-01-27 15:00:00,8.864333999716205,2.5681850881218553,HKCL
2026-01-27 15:10:00,8.66950018555347,3.09991048955131,HKCL
2026-01-27 15:20:00,8.234881211065527,4.248161964299722,HKCL
2026-01-27 15:30:00,8.445561454551655,5.199355252345745,HKCL
2026-01-27 15:40:00,9.480309166456784,4.871598118985163,HKCL
2026-01-27 15:50:00,10.885164524956878,5.638145573023845,HKCL
2026-01-27 16:00:00,9.131355050888963,4.99256855852549,HKCL
2026-01-27 16:10:00,8.543987576129982,4.934411346570913,HKCL
2026-01-27 16:20:00,7.804046984401182,4.8464777173792974,HKCL
2026-01-27 16:30:00,7.583174277538454,4.793754736860991,HKCL
2026-01-27 16:40:00,6.37088060740693,4.707602200412804,HKCL
2026-01-27 16:50:00,5.949843656063512,4.753681691836613,HKCL
2026-01-27 17:00:00,5.781974401962636,5.175051790879804,HKCL
2026-01-27 17:10:00,5.5624955231170645,4.609400697481667,HKCL
2026-01-27 17:20:00,5.8760849114736775,4.847592704201439,HKCL
2026-01-27 17:30:00,6.729547349148996,5.944602147319312,HKCL
2026-01-27 17:40:00,8.12999882335986,5.146240029342261,HKCL
2026-01-27 17:50:00,8.157144482864965,5.159956794669471,HKCL
2026-01-27 18:00:00,8.207185558980608,4.751186818378036,HKCL
2026-01-27 18:10:00,9.627822859396714,4.911977393417321,HKCL
2026-01-27 18:20:00,9.913881290443422,5.153042157794317,HKCL
2026-01-27 18:30:00,10.590492304451201,5.501354918774274,HKCL
2026-01-27 18:40:00,11.805685131911272,5.946914014929282,HKCL
2026-01-27 18:50:00,12.549616945696652,6.2581118957485655,HKCL
2026-01-27 19:00:00,12.81903874806672,5.220539906534273,HKCL
2026-01-27 19:10:00,11.049108733201162,4.942037534505134,HKCL
2026-01-27 19:20:00,4.935118327350125,2.990898079714814,HKCL
2026-01-27 19:30:00,3.9843528009166818,3.3933372482280753,HKCL
2026-01-27 19:40:00,3.782258545210265,3.6023824884907993,HKCL
2026-01-27 19:50:00,4.257293894556783,4.064107455119059,HKCL
2026-01-27 20:00:00,5.072303245312053,5.188221287786181,HKCL
2026-01-27 20:10:00,5.884020008750646,5.976607154852273,HKCL
2026-01-27 20:20:00,5.8124809406262194,6.36058506039965,HKCL
2026-01-27 20:30:00,7.433570593457581,6.214545130689925,HKCL
2026-01-27 20:40:00,9.85650921538968,6.339234143316861,HKCL
2026-01-27 20:50:00,10.62488464300019,6.388885073664,HKCL
2026-01-27 21:00:00,10.494492578671608,6.5544184195760575,HKCL
2026-01-27 21:10:00,10.979856708280472,6.7115321948893225,HKCL
2026-01-27 21:20:00,10.352307183814823,7.871090185184521,HKCL
2026-01-27 21:30:00,11.340571038031502,6.662062784124087,HKCL
2026-01-27 21:40:00,9.199166212715632,6.3759722452464604,HKCL
2026-01-27 21:50:00,5.9043495396333245,5.56918577820219,HKCL
2026-01-27 22:00:00,5.219669938497239,4.422850831894879,HKCL
2026-01-27 22:10:00,4.8652312063226155,4.935546896604843,HKCL
2026-01-27 22:20:00,6.0369151648489865,4.725819760922819,HKCL
2026-01-27 22:30:00,7.2683727764449735,4.714884335980068,HKCL
2026-01-27 22:40:00,7.19930326276096,4.559777958748809,HKCL
2026-01-27 22:50:00,10.635591899787578,4.786080623706968,HKCL
2026-01-27 23:00:00,14.346545793263147,11.71467752288124,HKCL
2026-01-27 23:10:00,13.682267617387879,12.344272378842076,HKCL
2026-01-27 23:20:00,12.597534102482797,10.520488333947306,HKCL
2026-01-27 23:30:00,14.912740816181582,10.666729335551059,HKCL
2026-01-27 23:40:00,15.087877940566532,10.875039906033347,HKCL
2026-01-27 23:50:00,15.984358285242593,11.064822436437963,HKCL
2026-01-27 00:00:00,16.457346155695493,19.142269985831042,HKKT
2026-01-27 00:10:00,17.127814123203247,19.441487819655837,HKKT
2026-01-27 00:20:00,16.7808187811982,18.015613051256004,HKKT
2026-01-27 00:30:00,17.09156982147472,18.40473733993325,HKKT
2026-01-27 00:40:00,16.19643182909013,18.862407163130488,HKKT
2026-01-27 00:50:00,16.797545400732076,19.26018884810966,HKKT
2026-01-27 01:00:00,17.249650579474867,14.645154666309725,HKKT
2026-01-27 01:10:00,7.660282571198874,10.491852211143556,HKKT
2026-01-27 01:20:00,8.355965965085412,10.980211961264892,HKKT
2026-01-27 01:30:00,8.482631445958614,11.796093199520284,HKKT
2026-01-27 01:40:00,7.973182963152039,12.517046116811615,HKKT
2026-01-27 01:50:00,7.600536438481701,13.011005389419587,HKKT
2026-01-27 02:00:00,8.679574714618354,11.391337095962074,HKKT
2026-01-27 02:10:00,8.147759810873202,11.6191144766233,HKKT
2026-01-27 02:20:00,8.362260355328708,12.440554839161349,HKKT
2026-01-27 02:30:00,8.752486597559255,12.082218960391605,HKKT
2026-01-27 02:40:00,8.964671286755532,12.498898057337064,HKKT
2026-01-27 02:50:00,10.224502749449396,12.9617914645239,HKKT
2026-01-27 03:00:00,10.835888507299163,11.36929706180878,HKKT
2026-01-27 03:10:00,11.164852254912878,11.226581172322728,HKKT
2026-01-27 03:20:00,13.125166897628596,11.976609461653403,HKKT
2026-01-27 03:30:00,14.897544865078785,13.755399371469856,HKKT
2026-01-27 03:40:00,17.795826300099236,15.715038021416682,HKKT
2026-01-27 03:50:00,19.468491874690823,15.634069975436693,HKKT
2026-01-27 04:00:00,20.863626211869708,18.95436204842852,HKKT
2026-01-27 04:10:00,19.61387409520543,20.483749883343208,HKKT
2026-01-27 04:20:00,17.6082267920022,19.906384290963395,HKKT
2026-01-27 04:30:00,13.902664679248957,13.21143554875217,HKKT
2026-01-27 04:40:00,14.619467214829186,16.486417908738638,HKKT
2026-01-27 04:50:00,13.577908770571977,15.228533868864215,HKKT
2026-01-27 05:00:00,11.384216995712219,15.521489993265469,HKKT
2026-01-27 05:10:00,11.25159222882263,14.394549298502195,HKKT
2026-01-27 05:20:00,9.611420521785611,12.16863026398752,HKKT
2026-01-27 05:30:00,8.47930448925737,9.366781211444165,HKKT
2026-01-27 05:40:00,7.984381735890793,10.058976113110386,HKKT
2026-01-27 05:50:00,5.958223408300469,9.149798333021245,HKKT
2026-01-27 06:00:00,5.816408121865027,7.556125649567472,HKKT
2026-01-27 06:10:00,5.167241718863977,6.591830760644143,HKKT
2026-01-27 06:20:00,5.321919172888844,7.760489211239602,HKKT
2026-01-27 06:30:00,12.931277135687267,13.99279782311109,HKKT
2026-01-27 06:40:00,12.472735383513095,11.72712408522883,HKKT
2026-01-27 06:50:00,12.479690366720822,11.725500445284826,HKKT
2026-01-27 07:00:00,12.785578120494979,19.13080484122125,HKKT
2026-01-27 07:10:00,15.222327148362623,20.970557408006304,HKKT
2026-01-27 07:20:00,17.155131451546808,18.23386406242337,HKKT
2026-01-27 07:30:00,18.43947400030345,14.9643803538398,HKKT
2026-01-27 07:40:00,18.231992894155784,13.249374146072487,HKKT
2026-01-27 07:50:00,15.056828900335326,10.376374482733892,HKKT
2026-01-27 08:00:00,14.69141081489908,12.393532984529788,HKKT
2026-01-27 08:10:00,31.89301789818805,43.902110679327876,HKKT
2026-01-27 08:20:00,27.77514583572796,31.578963677987097,HKKT
2026-01-27 08:30:00,21.407041305325038,20.998458043409443,HKKT
2026-01-27 08:40:00,19.157161235276227,20.85103467852702,HKKT
2026-01-27 08:50:00,22.528372781371917,24.06066733085814,HKKT
2026-01-27 09:00:00,20.246848475238753,24.92876390242725,HKKT
2026-01-27 09:10:00,16.397932306510334,18.774850966382907,HKKT
2026-01-27 09:20:00,16.997308405166084,18.510709151003766,HKKT
2026-01-27 09:30:00,16.466360822982328,19.365475880421208,HKKT
2026-01-27 09:40:00,15.007509139901448,19.720987734310665,HKKT
2026-01-27 09:50:00,11.832646884575933,19.67748288081894,HKKT
2026-01-27 10:00:00,7.505163373835627,16.211139046051574,HKKT
2026-01-27 10:10:00,8.082830054867845,17.51935741050253,HKKT
2026-01-27 10:20:00,10.508404227752873,16.086101982823273,HKKT
2026-01-27 10:30:00,12.561497491113887,14.349898645701561,HKKT
2026-01-27 10:40:00,15.234650158662014,12.871607365752421,HKKT
2026-01-27 10:50:00,16.007418873122468,17.96096830056745,HKKT
2026-01-27 11:00:00,19.252911694869283,28.1636549538107,HKKT
2026-01-27 11:10:00,24.333931023560858,14.995971713133875,HKKT
2026-01-27 11:20:00,21.506403181316866,15.772536160636564,HKKT
2026-01-27 11:30:00,15.30192479971872,13.048059910483673,HKKT
2026-01-27 11:40:00,13.947480856331962,16.381204124325357,HKKT
2026-01-27 11:50:00,12.720446033162302,12.145732377583197,HKKT
2026-01-27 12:00:00,12.536354075260075,11.268721544888535,HKKT
2026-01-27 12:10:00,12.38027796228925,12.53421283024176,HKKT
2026-01-27 12:20:00,14.46616580929105,15.680502759667164,HKKT
2026-01-27 12:30:00,14.046105043716906,17.661917814643466,HKKT
2026-01-27 12:40:00,15.29664978269099,17.752987648539815,HKKT
2026-01-27 12:50:00,13.295588744350319,18.774665974547396,HKKT
2026-01-27 13:00:00,14.316133598972941,17.353272461155356,HKKT
2026-01-27 13:10:00,15.565769828638745,15.540647265923543,HKKT
2026-01-27 13:20:00,13.23391018006728,13.755219112331126,HKKT
2026-01-27 13:30:00,10.87331986078742,12.148973493903657,HKKT
2026-01-27 13:40:00,7.157196032259149,8.85565276394631,HKKT
2026-01-27 13:50:00,3.9677974227242965,7.511628445973277,HKKT
2026-01-27 14:00:00,4.225585459904774,5.012195806546235,HKKT
2026-01-27 14:10:00,5.837862526699851,5.144325209166322,HKKT
2026-01-27 14:20:00,4.5904180124363805,5.132658708691309,HKKT
2026-01-27 14:30:00,5.327145765505584,5.065393755159258,HKKT
2026-01-27 14:40:00,4.527937951094815,5.233224397604235,HKKT
2026-01-27 14:50:00,5.287387302238759,5.406589234730083,HKKT
2026-01-27 15:00:00,3.587473545875496,2.5836528958621092,HKKT
2026-01-27 15:10:00,3.072267756720549,2.666463002062118,HKKT
2026-01-27 15:20:00,2.357438009784909,3.1148827395589302,HKKT
2026-01-27 15:30:00,2.3197194783530146,3.67992935422835,HKKT
2026-01-27 15:40:00,1.1256739278244687,4.288047698040403,HKKT
2026-01-27 15:50:00,1.0769257361729716,3.9870429546171566,HKKT
2026-01-27 16:00:00,2.309290378326441,4.613534127770192,HKKT
2026-01-27 16:10:00,2.20381898400381,4.463988579098864,HKKT
2026-01-27 16:20:00,2.0558980920481,3.879341546865565,HKKT
2026-01-27 16:30:00,3.375244410248399,4.20891937881203,HKKT
2026-01-27 16:40:00,4.0543899029298025,4.571199568674297,HKKT
2026-01-27 16:50:00,3.6870311449374915,4.583648260348465,HKKT
2026-01-27 17:00:00,3.925109954096521,4.486641117586222,HKKT
2026-01-27 17:10:00,3.6569086145613365,4.416365509701678,HKKT
2026-01-27 17:20:00,3.877671241773906,4.277669455783156,HKKT
2026-01-27 17:30:00,4.122870112641963,4.398184970763105,HKKT
2026-01-27 17:40:00,4.964208076137899,4.533741723151939,HKKT
2026-01-27 17:50:00,3.8833898155937137,4.895678938766478,HKKT
2026-01-27 18:00:00,4.0040453517994505,4.713409408636133,HKKT
2026-01-27 18:10:00,3.9146996093640736,4.868023798402451,HKKT
2026-01-27 18:20:00,3.8353877136415857,5.111267344804037,HKKT
2026-01-27 18:30:00,3.47954369978712,5.462398076718961,HKKT
2026-01-27 18:40:00,3.7980533786754536,5.964115849681612,HKKT
2026-01-27 18:50:00,4.137131376914654,6.374604541444431,HKKT
2026-01-27 19:00:00,2.7549936746916117,5.079337511580343,HKKT
2026-01-27 19:10:00,2.2890187886172138,4.803862782432571,HKKT
2026-01-27 19:20:00,3.166032836387032,2.9134930196447586,HKKT
2026-01-27 19:30:00,2.9520818004483314,3.3104181090131455,HKKT
2026-01-27 19:40:00,2.7307867425730814,3.502785653968967,HKKT
2026-01-27 19:50:00,2.8877996851643326,3.9177934860960337,HKKT
2026-01-27 20:00:00,3.092181151044506,5.254497019504795,HKKT
2026-01-27 20:10:00,3.7641411135097917,5.929366626014657,HKKT
2026-01-27 20:20:00,3.946393610004743,6.310208325230803,HKKT
2026-01-27 20:30:00,3.2099959063588317,6.239510444451739,HKKT
2026-01-27 20:40:00,3.760394082865199,6.32270315451418,HKKT
2026-01-27 20:50:00,3.884244875785744,6.363567330876726,HKKT
2026-01-27 21:00:00,3.6612219860385093,6.563966259268926,HKKT
2026-01-27 21:10:00,4.2206989055896456,6.724495970978934,HKKT
2026-01-27 21:20:00,4.051568232301256,7.755652341178822,HKKT
2026-01-27 21:30:00,4.2265949495668576,6.608317433190036,HKKT
2026-01-27 21:40:00,4.0285397014147915,6.390234189828599,HKKT
2026-01-27 21:50:00,3.25358187162439,5.567260535758638,HKKT
2026-01-27 22:00:00,2.86096410723742,4.187790017729606,HKKT
2026-01-27 22:10:00,2.57796498990703,4.687246375583299,HKKT
2026-01-27 22:20:00,2.0340985843083654,4.8039733524127985,HKKT
2026-01-27 22:30:00,2.298960709652462,4.734662610759111,HKKT
2026-01-27 22:40:00,2.6808422815823314,4.650560727062102,HKKT
2026-01-27 22:50:00,4.040573155224351,4.839494753689776,HKKT
2026-01-27 23:00:00,5.347603246095252,12.2653365485901,HKKT
2026-01-27 23:10:00,7.43669674684982,12.73078543703245,HKKT
2026-01-27 23:20:00,8.894834632922365,10.205188431918,HKKT
2026-01-27 23:30:00,9.707967636259259,10.29178971340706,HKKT
2026-01-27 23:40:00,11.087097671962105,10.489300238504647,HKKT
2026-01-27 23:50:00,14.006073711393991,10.68829187379125,HKKT
2026-01-27 00:00:00,20.381589729753486,19.509196462020725,HKMW
2026-01-27 00:10:00,22.3437255640002,20.01892626614739,HKMW
2026-01-27 00:20:00,22.573956881660436,20.520420008972053,HKMW
2026-01-27 00:30:00,24.790566822274286,20.976885349317847,HKMW
2026-01-27 00:40:00,25.031219399071233,21.232451622166064,HKMW
2026-01-27 00:50:00,24.12548093985238,20.79630081850138,HKMW
2026-01-27 01:00:00,23.912215618612805,14.736218941309078,HKMW
2026-01-27 01:10:00,25.176177014561503,16.466775735368973,HKMW
2026-01-27 01:20:00,24.4942322935458,17.834205103227063,HKMW
2026-01-27 01:30:00,25.288580084257482,19.06155507221859,HKMW
2026-01-27 01:40:00,25.440877938089677,20.448824775413577,HKMW
2026-01-27 01:50:00,25.88738690367225,22.01995670350204,HKMW
2026-01-27 02:00:00,26.874677143766203,21.253916090817935,HKMW
2026-01-27 02:10:00,24.721926067523768,17.402702192888107,HKMW
2026-01-27 02:20:00,25.482237069672564,18.81297788358391,HKMW
2026-01-27 02:30:00,24.717268354606922,20.31056027808929,HKMW
2026-01-27 02:40:00,26.431069212266976,21.917625744993934,HKMW
2026-01-27 02:50:00,25.35046784381983,17.521165836788256,HKMW
2026-01-27 03:00:00,26.63194253642523,10.855714164083988,HKMW
2026-01-27 03:10:00,26.488881044780285,10.62290192953154,HKMW
2026-01-27 03:20:00,25.287308869648214,12.836970412097997,HKMW
2026-01-27 03:30:00,25.158584191094853,16.015129762258518,HKMW
2026-01-27 03:40:00,23.681766123773755,20.035259888890895,HKMW
2026-01-27 03:50:00,18.53332779961132,16.36001382520312,HKMW
2026-01-27 04:00:00,18.054877965395995,11.038516647086839,HKMW
2026-01-27 04:10:00,18.449596390300652,12.662227244387116,HKMW
2026-01-27 04:20:00,18.365810638821017,7.37635798443316,HKMW
2026-01-27 04:30:00,12.147521120516586,8.093154188679243,HKMW
2026-01-27 04:40:00,9.031789588677725,9.734764287316743,HKMW
2026-01-27 04:50:00,6.098995287982625,12.348711235458872,HKMW
2026-01-27 05:00:00,2.0227434182706645,6.286140617677649,HKMW
2026-01-27 05:20:00,0.0,-0.6557240884505262,HKMW
2026-01-27 05:30:00,0.0,0.7242174475238983,HKMW
2026-01-27 05:40:00,2.837531774086223,2.365572516881344,HKMW
2026-01-27 05:50:00,6.213778736138167,3.874100780882003,HKMW
2026-01-27 06:00:00,8.985213253502899,6.0027619604205205,HKMW
2026-01-27 06:10:00,13.332360890524185,7.188006848813504,HKMW
2026-01-27 06:20:00,17.31666828510867,8.575751514253444,HKMW
2026-01-27 06:30:00,21.624881400113367,10.762615267147297,HKMW
2026-01-27 06:40:00,21.021637658112382,11.85291868877567,HKMW
2026-01-27 06:50:00,17.166273653021072,13.72941147889789,HKMW
2026-01-27 07:00:00,14.351345656777227,20.40323768797147,HKMW
2026-01-27 07:10:00,11.679429218237708,22.55792117949239,HKMW
2026-01-27 07:20:00,9.445607110249227,19.22797761494278,HKMW
2026-01-27 07:30:00,8.366554785404706,9.69751577231713,HKMW
2026-01-27 07:40:00,9.827890461939965,8.882387419388689,HKMW
2026-01-27 07:50:00,10.740072728796147,8.332971923779642,HKMW
2026-01-27 08:00:00,10.588966690493432,12.425977950516426,HKMW
2026-01-27 08:10:00,15.269773889654815,14.783500327537961,HKMW
2026-01-27 08:20:00,12.932494800058137,18.14388732336375,HKMW
2026-01-27 08:30:00,16.196497356509333,20.968780495777857,HKMW
2026-01-27 08:40:00,17.899739893437534,19.49804942649963,HKMW
2026-01-27 08:50:00,19.997838022456847,16.43989796055071,HKMW
2026-01-27 09:00:00,19.40758481664733,18.39852488966145,HKMW
2026-01-27 09:10:00,15.002741083356248,18.50727526323221,HKMW
2026-01-27 09:20:00,16.126668360730427,18.19857455730864,HKMW
2026-01-27 09:30:00,14.495048335624332,16.183218729886175,HKMW
2026-01-27 09:40:00,15.7761057650389,14.545033716972062,HKMW
2026-01-27 09:50:00,13.825665014490312,13.523258647124429,HKMW
2026-01-27 10:00:00,13.004972305421948,13.972675843689554,HKMW
2026-01-27 10:10:00,14.908041099586026,14.050343483155713,HKMW
2026-01-27 10:20:00,28.80572613302364,20.139205593335774,HKMW
2026-01-27 10:30:00,31.431735170183785,22.313036829377957,HKMW
2026-01-27 10:40:00,32.890242532368504,26.997186253508183,HKMW
2026-01-27 10:50:00,31.24247782965293,29.954640472845348,HKMW
2026-01-27 11:00:00,28.24109258462036,30.385599399932744,HKMW
2026-01-27 11:10:00,26.771549885874723,30.909511701951125,HKMW
2026-01-27 11:20:00,24.053736865096624,29.85343081325256,HKMW
2026-01-27 11:30:00,17.917324319270456,19.177416143020835,HKMW
2026-01-27 11:40:00,18.92671407305418,19.51897026619431,HKMW
2026-01-27 11:50:00,19.03445536983,16.05140663676218,HKMW
2026-01-27 12:00:00,17.26032487128262,14.596731706401243,HKMW
2026-01-27 12:10:00,18.366923854890597,16.917748561996724,HKMW
2026-01-27 12:20:00,16.942015957299237,19.79300075833308,HKMW
2026-01-27 12:30:00,18.488519203737773,21.186490283792686,HKMW
2026-01-27 12:40:00,17.95948396416452,19.375444272199466,HKMW
2026-01-27 12:50:00,18.437913314844593,20.280559675442532,HKMW
2026-01-27 13:00:00,21.88901503509566,18.241035920017275,HKMW
2026-01-27 13:10:00,25.296956796347796,23.67092232953128,HKMW
2026-01-27 13:20:00,25.375807627968207,26.15270701903411,HKMW
2026-01-27 13:30:00,21.920337240723796,28.62077706508245,HKMW
2026-01-27 13:40:00,22.788683833209657,30.7348496063075,HKMW
2026-01-27 13:50:00,23.03536264224123,8.61391438668662,HKMW
2026-01-27 14:00:00,26.402336579354397,16.09582834081009,HKMW
2026-01-27 14:10:00,15.758390619601569,6.83461665890983,HKMW
2026-01-27 14:20:00,14.338689115390888,5.3115493462167525,HKMW
2026-01-27 14:30:00,12.55244271438855,4.887771041409827,HKMW
2026-01-27 14:40:00,11.213742871304989,5.418389735636504,HKMW
2026-01-27 14:50:00,10.910109643978725,6.171118278549311,HKMW
2026-01-27 15:00:00,10.496818041725867,2.519868037139295,HKMW
2026-01-27 15:10:00,10.495574184281365,3.2490061965081933,HKMW
2026-01-27 15:20:00,10.177391156640915,4.39300666955574,HKMW
2026-01-27 15:30:00,9.779749361222027,5.238591498129458,HKMW
2026-01-27 15:40:00,10.490178252426222,4.847576363343046,HKMW
2026-01-27 15:50:00,11.460759874064578,5.668048682153534,HKMW
2026-01-27 16:00:00,10.443543074935484,4.952301819072565,HKMW
2026-01-27 16:10:00,10.809136891838067,4.885445164169802,HKMW
2026-01-27 16:20:00,9.381246996058687,4.783920408035405,HKMW
2026-01-27 16:30:00,9.794516637146383,4.720148051677497,HKMW
2026-01-27 16:40:00,8.910545251395025,4.63643079060734,HKMW
2026-01-27 16:50:00,5.519006567883535,4.910900343644183,HKMW
2026-01-27 17:00:00,6.234518939883378,5.108741716088533,HKMW
2026-01-27 17:10:00,5.421636505184065,4.6907593611900325,HKMW
2026-01-27 17:20:00,7.022814719525753,5.145663329616303,HKMW
2026-01-27 17:30:00,10.07349543462679,5.94450698699149,HKMW
2026-01-27 17:40:00,10.624043817203338,5.188750424356648,HKMW
2026-01-27 17:50:00,9.823386397468878,5.178057706841798,HKMW
2026-01-27 18:00:00,10.156810686594337,4.866945610716218,HKMW
2026-01-27 18:10:00,8.685491393273276,5.048884713793425,HKMW
2026-01-27 18:20:00,12.146885609421881,5.306347402717803,HKMW
2026-01-27 18:30:00,12.189654288138078,5.67255878654101,HKMW
2026-01-27 18:40:00,12.917702420550185,6.117336632970403,HKMW
2026-01-27 18:50:00,15.495672515988536,6.451774721993358,HKMW
2026-01-27 19:00:00,13.750555662597366,5.240440147778878,HKMW
2026-01-27 19:10:00,12.579934785267529,4.95880290040874,HKMW
2026-01-27 19:20:00,6.565704210281234,2.953736451027229,HKMW
2026-01-27 19:30:00,5.620358281434928,3.332548673543095,HKMW
2026-01-27 19:40:00,6.233625546089115,3.5700543503878857,HKMW
2026-01-27 19:50:00,5.577018121702885,4.119541401160927,HKMW
2026-01-27 20:00:00,4.030534559200692,5.287277250565253,HKMW
2026-01-27 20:10:00,5.658995949585581,6.046813527208878,HKMW
2026-01-27 20:20:00,8.589619660897952,6.421278806741729,HKMW
2026-01-27 20:30:00,10.500994075872942,6.259276991324928,HKMW
2026-01-27 20:40:00,12.742539703623384,6.352393567930001,HKMW
2026-01-27 20:50:00,12.433339922498753,6.403916281098901,HKMW
2026-01-27 21:00:00,11.894583033518918,6.6421222556719375,HKMW
2026-01-27 21:10:00,12.166486349981401,6.796136892875389,HKMW
2026-01-27 21:20:00,12.729241535334692,7.867822228151335,HKMW
2026-01-27 21:30:00,12.533032082607116,6.714891158962592,HKMW
2026-01-27 21:40:00,11.049188273162596,6.402362994627266,HKMW
2026-01-27 21:50:00,8.722499807528225,5.682872979377543,HKMW
2026-01-27 22:00:00,7.9435089333539874,4.558351598335634,HKMW
2026-01-27 22:10:00,7.625266843751437,5.068532663079988,HKMW
2026-01-27 22:20:00,7.8231017065000295,4.83655188010372,HKMW
2026-01-27 22:30:00,9.293195162418845,4.825843094475729,HKMW
2026-01-27 22:40:00,11.270696785438327,4.685005323346672,HKMW
2026-01-27 22:50:00,12.273693633260738,4.912774296915894,HKMW
2026-01-27 23:00:00,13.60361364097178,11.990968094664177,HKMW
2026-01-27 23:10:00,13.37824961687098,12.601603530569761,HKMW
2026-01-27 23:20:00,14.931146618851606,10.651715246976359,HKMW
2026-01-27 23:30:00,15.072381953165914,10.775364153844805,HKMW
2026-01-27 23:40:00,17.43562972659182,10.990702124186793,HKMW
2026-01-27 23:50:00,18.473573414271325,11.219229390197247,HKMW
2026-01-27 00:00:00,15.030035479853087,18.691279785607588,HKOH
2026-01-27 00:10:00,13.163734221260395,18.136002387496088,HKOH
2026-01-27 00:20:00,13.527835760683054,18.413461447284426,HKOH
2026-01-27 00:30:00,15.010172925319187,18.938035711965213,HKOH
2026-01-27 00:40:00,15.607161597529949,19.478332565187426,HKOH
2026-01-27 00:50:00,11.379967629041047,18.114528109565352,HKOH
2026-01-27 01:00:00,11.836018279983353,13.01676460013434,HKOH
2026-01-27 01:10:00,7.377483764123513,10.65887121471033,HKOH
2026-01-27 01:20:00,8.448326070626708,11.130901830865453,HKOH
2026-01-27 01:30:00,9.87610538431397,12.004090009791296,HKOH
2026-01-27 01:40:00,7.384511949233528,12.691638059292679,HKOH
2026-01-27 01:50:00,6.525239710451329,13.215855233616724,HKOH
2026-01-27 02:00:00,7.902980525822075,11.557201307447444,HKOH
2026-01-27 02:10:00,5.617454199225248,12.186124748863648,HKOH
2026-01-27 02:20:00,6.0897719960207075,12.745725294872353,HKOH
2026-01-27 02:30:00,6.793833254241333,12.514941222098216,HKOH
2026-01-27 02:40:00,9.889662640116404,12.90536144973164,HKOH
2026-01-27 02:50:00,8.947158943783844,13.35434214462535,HKOH
2026-01-27 03:00:00,9.773415981293374,11.890457875148456,HKOH
2026-01-27 03:10:00,11.275073796645696,11.677017149488549,HKOH
2026-01-27 03:20:00,12.259358647978116,12.401240615093418,HKOH
2026-01-27 03:30:00,15.127468522695295,13.729548545977917,HKOH
2026-01-27 03:40:00,17.778217308965274,15.360586052792524,HKOH
2026-01-27 03:50:00,17.604425345802746,15.86710597759992,HKOH
2026-01-27 04:00:00,20.50209157400054,19.34536621365877,HKOH
2026-01-27 04:10:00,20.88602851908027,21.011862032669093,HKOH
2026-01-27 04:20:00,15.698263159451214,20.385244430212317,HKOH
2026-01-27 04:30:00,13.326098402216854,13.666287275018968,HKOH
2026-01-27 04:40:00,13.404055295331494,17.003256399498312,HKOH
2026-01-27 04:50:00,13.192436197346925,15.706055620835325,HKOH
2026-01-27 05:00:00,11.545048581881318,16.035964892486426,HKOH
2026-01-27 05:10:00,11.10261965501316,14.828331586645584,HKOH
2026-01-27 05:20:00,10.68304046926474,12.560020275940131,HKOH
2026-01-27 05:30:00,8.07898881668935,9.865634032231153,HKOH
2026-01-27 05:40:00,6.553626331679253,10.459316016701845,HKOH
2026-01-27 05:50:00,5.753780086666103,9.363802189922762,HKOH
2026-01-27 06:00:00,5.850246723080153,8.439339734760164,HKOH
2026-01-27 06:10:00,4.727201062966845,7.14823582680275,HKOH
2026-01-27 06:20:00,5.845108582792655,8.13337051470479,HKOH
2026-01-27 06:30:00,11.297556899058758,15.01769116091789,HKOH
2026-01-27 06:40:00,10.258535167530935,12.487355467612069,HKOH
2026-01-27 06:50:00,10.432473332719173,12.48653078296694,HKOH
2026-01-27 07:00:00,13.624666824669054,20.26665103488768,HKOH
2026-01-27 07:10:00,17.068030780155986,21.843304427704716,HKOH
2026-01-27 07:20:00,19.098836067613504,18.447559109686313,HKOH
2026-01-27 07:30:00,19.52448179151963,15.212365559364569,HKOH
2026-01-27 07:40:00,18.005610037745072,13.444379972913488,HKOH
2026-01-27 07:50:00,14.031899866187732,10.88394849108468,HKOH
2026-01-27 08:00:00,16.011163247339493,14.486816789582306,HKOH
2026-01-27 08:10:00,31.177770445237957,43.124880756722845,HKOH
2026-01-27 08:20:00,28.276979125581033,32.519157464819486,HKOH
2026-01-27 08:30:00,18.750154834668592,22.279248020984284,HKOH
2026-01-27 08:40:00,18.244017932034463,22.022815007000734,HKOH
2026-01-27 08:50:00,24.474676728042972,25.479629409260006,HKOH
2026-01-27 09:00:00,21.8576391244273,26.130083620389954,HKOH
2026-01-27 09:10:00,17.818818485224345,18.826366842206653,HKOH
2026-01-27 09:20:00,16.399129953886252,18.578031895951362,HKOH
2026-01-27 09:30:00,16.38375866002714,19.350834885353084,HKOH
2026-01-27 09:40:00,15.884409949337511,20.007894596193402,HKOH
2026-01-27 09:50:00,11.935752676275715,20.454019697095777,HKOH
2026-01-27 10:00:00,8.64431309163617,16.169307385298197,HKOH
2026-01-27 10:10:00,7.224077631222203,17.49788112557962,HKOH
2026-01-27 10:20:00,8.999744688037811,16.024908858546766,HKOH
2026-01-27 10:30:00,10.916733367291052,14.241504405590938,HKOH
2026-01-27 10:40:00,14.061150623696982,12.60141860348712,HKOH
2026-01-27 10:50:00,13.383918029365832,11.092722127557494,HKOH
2026-01-27 11:00:00,14.372335879894102,9.334906176709792,HKOH
2026-01-27 11:10:00,22.977988499270825,13.812941812533087,HKOH
2026-01-27 11:20:00,21.91151980759933,15.486555768033988,HKOH
2026-01-27 11:30:00,15.940523019580459,12.701707785665135,HKOH
2026-01-27 11:40:00,13.220941471869708,16.82128614743175,HKOH
2026-01-27 11:50:00,14.779901192480962,12.9839957483414,HKOH
2026-01-27 12:00:00,12.771542462392006,11.571156153647227,HKOH
2026-01-27 12:10:00,11.42551058324447,12.886872784797061,HKOH
2026-01-27 12:20:00,14.719684494227895,16.202843174834463,HKOH
2026-01-27 12:30:00,13.448192810570337,18.228073378157006,HKOH
2026-01-27 12:40:00,13.69273414635525,18.289560877935013,HKOH
2026-01-27 12:50:00,12.778234918438844,17.26563817305043,HKOH
2026-01-27 13:00:00,10.753307298973114,14.922196677471936,HKOH
2026-01-27 13:10:00,13.47005277375056,16.442890950419,HKOH
2026-01-27 13:20:00,11.043758008251851,14.619649830259029,HKOH
2026-01-27 13:30:00,8.435216943250179,12.973166890597653,HKOH
2026-01-27 13:40:00,6.426831735661358,9.479433677312269,HKOH
2026-01-27 13:50:00,4.014014681984609,8.132591461124047,HKOH
2026-01-27 14:00:00,2.828428617896802,4.91032800083843,HKOH
2026-01-27 14:10:00,4.243508443852653,5.2852747975080545,HKOH
2026-01-27 14:20:00,5.795709215188136,5.2120823979046556,HKOH
2026-01-27 14:30:00,5.071063347818434,5.0723274239344,HKOH
2026-01-27 14:40:00,5.05594410957881,5.223957974555786,HKOH
2026-01-27 14:50:00,4.992378676073841,5.446635855308534,HKOH
2026-01-27 15:00:00,2.839796942808742,2.698854133399832,HKOH
2026-01-27 15:10:00,2.6996769554515403,2.8154570734556925,HKOH
2026-01-27 15:20:00,1.2478701396219276,3.382152193565406,HKOH
2026-01-27 15:30:00,1.6606834866067008,3.853673957438521,HKOH
2026-01-27 15:40:00,1.8722711189651786,4.406562762091831,HKOH
2026-01-27 15:50:00,1.5153359595064604,4.088182873980285,HKOH
2026-01-27 16:00:00,1.8720971184065887,4.343487278804069,HKOH
2026-01-27 16:10:00,2.2563249159327823,4.389175588437945,HKOH
2026-01-27 16:20:00,3.0118362243097945,4.194226056413533,HKOH
2026-01-27 16:30:00,4.0889010136241986,4.516433171996696,HKOH
2026-01-27 16:40:00,3.9678028212182115,4.550274639651381,HKOH
2026-01-27 16:50:00,4.530879796176093,4.655519229527715,HKOH
2026-01-27 17:00:00,4.454682253493611,4.6953018783679195,HKOH
2026-01-27 17:10:00,3.913738842765487,4.596128334557987,HKOH
2026-01-27 17:20:00,4.312534664713086,4.3904783476376545,HKOH
2026-01-27 17:30:00,3.9276307397463253,4.548350695109045,HKOH
2026-01-27 17:40:00,4.019174676330502,4.712771340541174,HKOH
2026-01-27 17:50:00,3.6717323871438436,4.954285405628349,HKOH
2026-01-27 18:00:00,3.436057635964329,5.06494767108091,HKOH
2026-01-27 18:10:00,1.8972701681366517,5.273284327583632,HKOH
2026-01-27 18:20:00,4.195262597665126,5.5594033965305165,HKOH
2026-01-27 18:30:00,1.8064153590555776,5.9570157515646,HKOH
2026-01-27 18:40:00,2.769816405582583,6.443243437764751,HKOH
2026-01-27 18:50:00,1.8678701418964727,6.826600605770113,HKOH
2026-01-27 19:00:00,2.160983934742884,5.213319357662092,HKOH
2026-01-27 19:10:00,2.392474237805433,4.8857035124405215,HKOH
2026-01-27 19:20:00,2.980511521379991,3.079213507001363,HKOH
2026-01-27 19:30:00,2.7148096861903337,3.167153048093028,HKOH
2026-01-27 19:40:00,2.4028873273976856,3.4661583294596747,HKOH
2026-01-27 19:50:00,2.2080845606745747,4.143973372993141,HKOH
2026-01-27 20:00:00,2.0996882261777077,5.4716775130358055,HKOH
2026-01-27 20:10:00,3.059856490695503,6.043119003394391,HKOH
2026-01-27 20:20:00,3.136682918799032,6.266260929274726,HKOH
2026-01-27 20:30:00,2.646527330489949,6.266580919712792,HKOH
2026-01-27 20:40:00,2.5453690079669293,6.359999375464454,HKOH
2026-01-27 20:50:00,2.676170728829171,6.411509862089368,HKOH
2026-01-27 21:00:00,2.6720473563257907,6.788869576035811,HKOH
2026-01-27 21:10:00,3.027597571106032,6.938402036464386,HKOH
2026-01-27 21:20:00,3.005406514549477,7.79312101723391,HKOH
2026-01-27 21:30:00,2.215210499456581,6.777366342257667,HKOH
2026-01-27 21:40:00,3.2885472502207893,6.457462036453806,HKOH
2026-01-27 21:50:00,1.9441142254852415,5.870804752601437,HKOH
2026-01-27 22:00:00,1.8552517472181913,4.69305687441706,HKOH
2026-01-27 22:10:00,1.3867054841939375,5.201457995182862,HKOH
2026-01-27 22:20:00,1.3214597244538804,5.052292536902553,HKOH
2026-01-27 22:30:00,2.1347275923472746,5.0212589511550805,HKOH
2026-01-27 22:40:00,2.097028761433994,4.932960010708393,HKOH
2026-01-27 22:50:00,3.097150850624227,5.148235046218497,HKOH
2026-01-27 23:00:00,5.44406071699308,12.674970261577792,HKOH
2026-01-27 23:10:00,6.116440350384973,12.69859050671323,HKOH
2026-01-27 23:20:00,7.5662831566197255,10.862131197625146,HKOH
2026-01-27 23:30:00,9.770679811891913,10.989089359922463,HKOH
2026-01-27 23:40:00,11.24818377779751,11.141454579981998,HKOH
2026-01-27 23:50:00,15.168079756334581,11.308872336038485,HKOH
2026-01-27 00:00:00,16.886924057730106,19.59472437319084,HKSC
2026-01-27 00:10:00,16.082366830914484,19.926601301679867,HKSC
2026-01-27 00:20:00,16.261235384639146,19.312851500745545,HKSC
2026-01-27 00:30:00,18.515771360753668,19.883699819676124,HKSC
2026-01-27 00:40:00,19.943251868394494,19.510882633826625,HKSC
2026-01-27 00:50:00,18.148814931278274,19.86575124655195,HKSC
2026-01-27 01:00:00,17.177668481318705,13.89058387335642,HKSC
2026-01-27 01:10:00,11.53328390332879,11.418301065403444,HKSC
2026-01-27 01:20:00,8.115018831395208,11.026689691128485,HKSC
2026-01-27 01:30:00,8.57207570989139,11.871174175624002,HKSC
2026-01-27 01:40:00,9.675810596647022,12.566808341649537,HKSC
2026-01-27 01:50:00,7.7301460281799725,13.084771371946982,HKSC
2026-01-27 02:00:00,9.031936050784015,11.424972063356098,HKSC
2026-01-27 02:10:00,8.230772856053843,12.024688185726335,HKSC
2026-01-27 02:20:00,8.666960583868423,12.548052649911831,HKSC
2026-01-27 02:30:00,9.992660986936738,12.248482823193385,HKSC
2026-01-27 02:40:00,9.626614716568513,12.658544605553,HKSC
2026-01-27 02:50:00,10.659502909414115,13.101795206663201,HKSC
2026-01-27 03:00:00,10.124648658584453,11.658619602323718,HKSC
2026-01-27 03:10:00,12.919681838835444,11.454352265922084,HKSC
2026-01-27 03:20:00,14.06063226296861,12.160926079385291,HKSC
2026-01-27 03:30:00,15.415425053306157,13.858815645429758,HKSC
2026-01-27 03:40:00,18.835659132337174,15.605009495665708,HKSC
2026-01-27 03:50:00,20.04972336534256,16.08618602433963,HKSC
2026-01-27 04:00:00,22.40030465842861,19.186661922508694,HKSC
2026-01-27 04:10:00,20.109812268581734,20.74234703095874,HKSC
2026-01-27 04:20:00,18.00033809918649,20.2238263940811,HKSC
2026-01-27 04:30:00,14.384081201321695,13.4637489742346,HKSC
2026-01-27 04:40:00,14.13754495513716,16.793618735120667,HKSC
2026-01-27 04:50:00,14.972863291487238,15.530147819342968,HKSC
2026-01-27 05:00:00,12.68979081105124,15.911691414476964,HKSC
2026-01-27 05:10:00,12.414673269977072,14.71523804715375,HKSC
2026-01-27 05:20:00,11.048908280190005,12.471688224799523,HKSC
2026-01-27 05:30:00,9.192560188396897,9.675060456169328,HKSC
2026-01-27 05:40:00,8.816647019262973,10.326845190362594,HKSC
2026-01-27 05:50:00,7.009564214888551,9.323130767334664,HKSC
2026-01-27 06:00:00,7.584755589418094,8.084788633757551,HKSC
2026-01-27 06:10:00,6.887553577584555,6.9538140431093804,HKSC
2026-01-27 06:20:00,6.074170520939887,8.0428818528088,HKSC
2026-01-27 06:30:00,12.914690209646807,14.625912790100722,HKSC
2026-01-27 06:40:00,14.870897177378495,12.221137653286318,HKSC
2026-01-27 06:50:00,14.144807034422993,12.219747873130661,HKSC
2026-01-27 07:00:00,14.365252536290512,19.820730880348307,HKSC
2026-01-27 07:10:00,18.049695508925872,21.53115351470295,HKSC
2026-01-27 07:20:00,20.147966122897024,18.499644852895855,HKSC
2026-01-27 07:30:00,17.340975711454014,15.242986440719351,HKSC
2026-01-27 07:40:00,17.598873809407777,13.460967633387643,HKSC
2026-01-27 07:50:00,15.865891256225577,10.613274704908763,HKSC
2026-01-27 08:00:00,16.14072375678581,13.671922518470923,HKSC
2026-01-27 08:10:00,31.156004623764236,43.52467312348483,HKSC
2026-01-27 08:20:00,28.350482702212275,32.5102258888014,HKSC
2026-01-27 08:30:00,20.849160366712788,21.837545040833255,HKSC
2026-01-27 08:40:00,18.66595254076126,21.69082172036575,HKSC
2026-01-27 08:50:00,22.55403991736571,24.935915032529532,HKSC
2026-01-27 09:00:00,21.086799728335578,25.768746188028764,HKSC
2026-01-27 09:10:00,17.236175179391385,18.902581224778054,HKSC
2026-01-27 09:20:00,17.526984930386437,18.644525262885942,HKSC
2026-01-27 09:30:00,17.37362820265557,19.44673071194607,HKSC
2026-01-27 09:40:00,15.034564637511806,20.136595745265375,HKSC
2026-01-27 09:50:00,12.234407004102968,20.481967379105694,HKSC
2026-01-27 10:00:00,8.207583502660206,16.303288144977213,HKSC
2026-01-27 10:10:00,8.271076182163478,17.614331530292226,HKSC
2026-01-27 10:20:00,10.79098555560024,16.137990826323026,HKSC
2026-01-27 10:30:00,12.539385186957762,14.623712452675607,HKSC
2026-01-27 10:40:00,18.480439939183828,22.899160428913692,HKSC
2026-01-27 10:50:00,16.720175848083226,25.232694568657955,HKSC
2026-01-27 11:00:00,19.441136980291052,27.820887172563864,HKSC
2026-01-27 11:10:00,25.414254464208746,14.742631006872033,HKSC
2026-01-27 11:20:00,22.436725136553427,15.639440541731755,HKSC
2026-01-27 11:30:00,17.52351666801826,16.042373716223125,HKSC
2026-01-27 11:40:00,14.381771433076045,18.030887927494724,HKSC
2026-01-27 11:50:00,15.918465316038088,14.779022873377189,HKSC
2026-01-27 12:00:00,11.498294658949227,11.497793914293922,HKSC
2026-01-27 12:10:00,12.349660275396209,12.844367076052412,HKSC
2026-01-27 12:20:00,14.284559112369141,16.090087044384735,HKSC
2026-01-27 12:30:00,14.739926839658207,18.079855441021422,HKSC
2026-01-27 12:40:00,14.439491762967268,18.14346282089094,HKSC
2026-01-27 12:50:00,15.95389131309273,18.97884010357209,HKSC
2026-01-27 13:00:00,15.739873672854886,17.709811648388083,HKSC
2026-01-27 13:10:00,15.986476838115358,16.10878575923398,HKSC
2026-01-27 13:20:00,14.52521692984309,14.29771331317994,HKSC
2026-01-27 13:30:00,12.115367832016497,12.66450210916285,HKSC
2026-01-27 13:40:00,9.058668504669997,9.259181509500461,HKSC
2026-01-27 13:50:00,6.259634316352253,7.98132455926895,HKSC
2026-01-27 14:00:00,3.744012146801233,4.954237226841558,HKSC
2026-01-27 14:10:00,5.08312790195606,5.222013213197001,HKSC
2026-01-27 14:20:00,5.282480206728964,5.17332941106546,HKSC
2026-01-27 14:30:00,6.12817921201132,4.923214355785561,HKSC
2026-01-27 14:40:00,5.046803157685092,5.232391797987113,HKSC
2026-01-27 14:50:00,4.970367425705158,5.418321959415696,HKSC
2026-01-27 15:00:00,4.34928145679656,2.623164481794105,HKSC
2026-01-27 15:10:00,2.01737630835159,2.723840330255257,HKSC
2026-01-27 15:20:00,2.0415542857333677,3.273920135075156,HKSC
2026-01-27 15:30:00,1.4970237305785048,3.83526104077973,HKSC
2026-01-27 15:40:00,1.9050661650027272,4.379624914764219,HKSC
2026-01-27 15:50:00,1.5060673933851403,4.066805620035935,HKSC
2026-01-27 16:00:00,1.883644409750243,4.513784732916772,HKSC
2026-01-27 16:10:00,1.8737840531440204,4.372632390315377,HKSC
2026-01-27 16:20:00,2.918058349736164,4.048227666058861,HKSC
2026-01-27 16:30:00,3.0567054850241977,4.381898440260635,HKSC
2026-01-27 16:40:00,3.5967641709097693,4.5513635758898605,HKSC
2026-01-27 16:50:00,3.1343048195818395,4.625212381504326,HKSC
2026-01-27 17:00:00,3.8833477234233578,4.5854494171524305,HKSC
2026-01-27 17:10:00,4.887793524610388,4.560357253842833,HKSC
2026-01-27 17:20:00,4.576289475422142,4.319751152457078,HKSC
2026-01-27 17:30:00,4.5819922625902905,4.464793523042885,HKSC
2026-01-27 17:40:00,4.547698081732875,4.62611452224561,HKSC
2026-01-27 17:50:00,4.76330478446785,4.865482729613208,HKSC
2026-01-27 18:00:00,3.3012579624462512,4.904291232986573,HKSC
2026-01-27 18:10:00,4.158725087813952,5.093009121423114,HKSC
2026-01-27 18:20:00,4.494968356460266,5.3597136747991,HKSC
2026-01-27 18:30:00,3.562049482204915,5.736245494027983,HKSC
2026-01-27 18:40:00,3.5464864571391947,6.245544242395951,HKSC
2026-01-27 18:50:00,3.839909270991308,6.612176257135586,HKSC
2026-01-27 19:00:00,2.816703494980657,5.170451384159224,HKSC
2026-01-27 19:10:00,3.46767877305155,4.865506872900099,HKSC
2026-01-27 19:20:00,3.315639719336546,2.966114909273356,HKSC
2026-01-27 19:30:00,2.903600890793124,3.260957725114519,HKSC
2026-01-27 19:40:00,2.9959390819468803,3.4895214355666253,HKSC
2026-01-27 19:50:00,2.7257463790937377,4.056423893209317,HKSC
2026-01-27 20:00:00,2.7497556337497153,5.3689026360488565,HKSC
2026-01-27 20:10:00,3.309806273957496,6.046687929613751,HKSC
2026-01-27 20:20:00,3.8956642310975216,6.336655104468013,HKSC
2026-01-27 20:30:00,3.728283797994097,6.25738570107125,HKSC
2026-01-27 20:40:00,4.226450590021959,6.346972000185038,HKSC
2026-01-27 20:50:00,4.012273037407201,6.394939790537752,HKSC
2026-01-27 21:00:00,3.973434840318156,6.689514029440856,HKSC
2026-01-27 21:10:00,4.239364268760441,6.843463958702181,HKSC
2026-01-27 21:20:00,4.128037496356942,7.787576486005664,HKSC
2026-01-27 21:30:00,4.126312404841375,6.708983188771745,HKSC
2026-01-27 21:40:00,3.74346437737828,6.436990742984354,HKSC
2026-01-27 21:50:00,2.4266503333741625,5.737565391874639,HKSC
2026-01-27 22:00:00,2.665886605834484,4.49052548691786,HKSC
2026-01-27 22:10:00,2.0186965771884697,5.003031386020945,HKSC
2026-01-27 22:20:00,1.2166107996082705,4.935213183302115,HKSC
2026-01-27 22:30:00,1.827658392417053,4.892939238927193,HKSC
2026-01-27 22:40:00,2.3719966094169145,4.799889303690551,HKSC
2026-01-27 22:50:00,4.3529151066606815,5.006852197057152,HKSC
2026-01-27 23:00:00,5.519718143002324,12.45005938241834,HKSC
2026-01-27 23:10:00,7.91777881617519,12.626543809316793,HKSC
2026-01-27 23:20:00,9.848128591053438,10.58887886865536,HKSC
2026-01-27 23:30:00,10.987259592775379,10.693942618956216,HKSC
2026-01-27 23:40:00,13.322018237807187,10.889323405826342,HKSC
2026-01-27 23:50:00,13.972665147375732,11.08073979162864,HKSC
2026-01-27 00:00:00,14.562945611459968,19.34531270255635,HKST
2026-01-27 00:10:00,13.104390428561054,17.739717507992587,HKST
2026-01-27 00:20:00,12.657229300350874,18.036403828809764,HKST
2026-01-27 00:30:00,13.402447492585337,18.53596587486785,HKST
2026-01-27 00:40:00,15.649116417831705,19.069928158112962,HKST
2026-01-27 00:50:00,13.301312033817347,17.91997317157926,HKST
2026-01-27 01:00:00,12.314988339179838,13.043236816826333,HKST
2026-01-27 01:10:00,9.366659186041634,10.67992641319698,HKST
2026-01-27 01:20:00,8.70350047842209,11.161450432925168,HKST
2026-01-27 01:30:00,10.880590854340152,12.024680675547613,HKST
2026-01-27 01:40:00,9.496614869172124,12.723298203808506,HKST
2026-01-27 01:50:00,8.017771243769472,13.224628402352025,HKST
2026-01-27 02:00:00,9.486340299097584,11.625374772778752,HKST
2026-01-27 02:10:00,7.951141179195788,12.220879119365888,HKST
2026-01-27 02:20:00,8.201367254423719,12.74727876900726,HKST
2026-01-27 02:30:00,8.506053292127095,12.45639230841953,HKST
2026-01-27 02:40:00,8.841108221018388,12.862964055254675,HKST
2026-01-27 02:50:00,10.59841346736955,13.315597282783168,HKST
2026-01-27 03:00:00,10.188750953626046,11.586596444033795,HKST
2026-01-27 03:10:00,11.023072750352227,11.402818749143057,HKST
2026-01-27 03:20:00,13.82512185158427,12.12742046141635,HKST
2026-01-27 03:30:00,15.609702826107208,13.618054272774973,HKST
2026-01-27 03:40:00,17.9535744119313,15.301565164965496,HKST
2026-01-27 03:50:00,19.935038222233956,15.800440407594532,HKST
2026-01-27 04:00:00,21.80151066405888,19.083863485595106,HKST
2026-01-27 04:10:00,20.52499275930103,20.896589711367355,HKST
2026-01-27 04:20:00,18.242513207280712,20.020315787875845,HKST
2026-01-27 04:30:00,11.380448383989787,13.415342307287748,HKST
2026-01-27 04:40:00,13.696680563555049,16.58077521528417,HKST
2026-01-27 04:50:00,13.222972659726404,15.33506817054047,HKST
2026-01-27 05:00:00,11.200255232846022,15.482315376814865,HKST
2026-01-27 05:10:00,12.003211161440728,14.352921203077434,HKST
2026-01-27 05:20:00,9.335040134227093,12.120034313100483,HKST
2026-01-27 05:30:00,8.259302193762428,9.498413694529916,HKST
2026-01-27 05:40:00,6.590958056124677,10.098591878123628,HKST
2026-01-27 05:50:00,6.216820702324814,9.084050020658655,HKST
2026-01-27 06:00:00,6.573538729118251,7.824066927372149,HKST
2026-01-27 06:10:00,5.581137094714865,6.6683363173098655,HKST
2026-01-27 06:20:00,6.348690601507222,7.6924247505620915,HKST
2026-01-27 06:30:00,12.598621697796425,14.146376858609642,HKST
2026-01-27 06:40:00,14.04980901293021,11.841675053065462,HKST
2026-01-27 06:50:00,12.70825567336706,11.84031451571845,HKST
2026-01-27 07:00:00,14.842107561290593,19.437485942928987,HKST
2026-01-27 07:10:00,16.62053987763388,21.102986152815607,HKST
2026-01-27 07:20:00,18.04594514307798,17.954988338983455,HKST
2026-01-27 07:30:00,16.64723069342248,14.712668907709435,HKST
2026-01-27 07:40:00,16.227471165499306,13.014767942900328,HKST
2026-01-27 07:50:00,15.904197958307954,10.176381370337662,HKST
2026-01-27 08:00:00,14.063634360019954,12.973712146051394,HKST
2026-01-27 08:10:00,30.69950090852059,43.289667314000646,HKST
2026-01-27 08:20:00,28.17957254425809,31.030772912324746,HKST
2026-01-27 08:30:00,18.661376253458144,21.120414988557656,HKST
2026-01-27 08:40:00,18.406405625801757,20.829139239178026,HKST
2026-01-27 08:50:00,22.32157206400469,24.44978522131327,HKST
2026-01-27 09:00:00,20.72324987189414,25.110403227118297,HKST
2026-01-27 09:10:00,17.908208508690358,18.486111136438552,HKST
2026-01-27 09:20:00,16.52907540828626,18.261593940802264,HKST
2026-01-27 09:30:00,16.24556190498278,19.100445377830056,HKST
2026-01-27 09:40:00,13.976369537722814,19.826100576606446,HKST
2026-01-27 09:50:00,12.140965567945956,20.360687262182346,HKST
2026-01-27 10:00:00,8.303938822036203,15.856705696858834,HKST
2026-01-27 10:10:00,7.2325575924096235,17.182514474991528,HKST
2026-01-27 10:20:00,9.18546744585112,15.809949344637758,HKST
2026-01-27 10:30:00,11.84912801011114,14.075507363157207,HKST
2026-01-27 10:40:00,13.702157754006276,12.484008673482673,HKST
2026-01-27 10:50:00,14.749113352678023,11.484293738527617,HKST
2026-01-27 11:00:00,19.778096762310984,27.25751756041516,HKST
2026-01-27 11:10:00,24.1398271186725,15.135522806518404,HKST
2026-01-27 11:20:00,20.76979746581943,15.615617494600336,HKST
2026-01-27 11:30:00,17.036310323389518,11.723580698263707,HKST
2026-01-27 11:40:00,11.32188416266434,15.641968966773984,HKST
2026-01-27 11:50:00,14.37764196153433,11.936595852362084,HKST
2026-01-27 12:00:00,13.11593138449605,11.232204389473047,HKST
2026-01-27 12:10:00,11.154636357321571,12.38890594201905,HKST
2026-01-27 12:20:00,15.890141522256283,15.557999953061652,HKST
2026-01-27 12:30:00,14.578202942307477,17.60654771198229,HKST
2026-01-27 12:40:00,14.314584851452276,17.67804724021324,HKST
2026-01-27 12:50:00,14.595328470491154,18.854161798330765,HKST
2026-01-27 13:00:00,14.206990633220368,17.33458391186454,HKST
2026-01-27 13:10:00,14.633714538329736,15.759249248945746,HKST
2026-01-27 13:20:00,10.649057151571242,13.970584806434578,HKST
2026-01-27 13:30:00,9.55735452658596,12.359942601553158,HKST
2026-01-27 13:40:00,7.017799102498728,9.0012718579624,HKST
2026-01-27 13:50:00,4.669620433144363,7.688570634437822,HKST
2026-01-27 14:00:00,3.7409999146562223,4.953727147448205,HKST
2026-01-27 14:10:00,5.1469358305865995,5.195095791476531,HKST
2026-01-27 14:20:00,6.681979096808531,5.16734410488088,HKST
2026-01-27 14:30:00,5.570522625750956,5.061894937935168,HKST
2026-01-27 14:40:00,4.591036324494109,5.226989175439146,HKST
2026-01-27 14:50:00,4.069065469457718,5.36298329984705,HKST
2026-01-27 15:00:00,3.3113524967559984,2.5981442664879113,HKST
2026-01-27 15:10:00,2.2761552077872644,2.7114454813552458,HKST
2026-01-27 15:20:00,1.590128545300491,3.2082604887596142,HKST
2026-01-27 15:30:00,1.3562699406853467,3.7635021629529692,HKST
2026-01-27 15:40:00,2.0001124394981478,4.2568374624078,HKST
2026-01-27 15:50:00,1.7096246594097217,3.9674521847388435,HKST
2026-01-27 16:00:00,2.229137345127336,4.5035180043608545,HKST
2026-01-27 16:10:00,2.1601740592881074,4.355924265855,HKST
2026-01-27 16:20:00,2.969583203470673,4.044025927477904,HKST
2026-01-27 16:30:00,3.4204815699528126,4.375464556053805,HKST
2026-01-27 16:40:00,3.46930411954526,4.539759806118852,HKST
2026-01-27 16:50:00,4.083819557025404,4.612624775716128,HKST
2026-01-27 17:00:00,3.794465286110447,4.567742230243725,HKST
2026-01-27 17:10:00,4.3346933250546975,4.525515694100248,HKST
2026-01-27 17:20:00,4.521009133168237,4.371999515727474,HKST
2026-01-27 17:30:00,3.64551196228697,4.5059217404832745,HKST
2026-01-27 17:40:00,3.468624176430644,4.631067887433828,HKST
2026-01-27 17:50:00,4.090625597817647,4.939189788363274,HKST
2026-01-27 18:00:00,3.174196993750037,4.857012080591311,HKST
2026-01-27 18:10:00,3.1205196220010647,5.037820743339781,HKST
2026-01-27 18:20:00,2.9918561189202704,5.301329029232647,HKST
2026-01-27 18:30:00,2.757144558662178,5.674559137238554,HKST
2026-01-27 18:40:00,3.700682516581824,6.200261307705805,HKST
2026-01-27 18:50:00,3.220728738382988,6.607815136092814,HKST
2026-01-27 19:00:00,1.8971630510695796,5.10384844706608,HKST
2026-01-27 19:10:00,2.3493068224329656,4.8005543363522625,HKST
2026-01-27 19:20:00,2.7313619154070676,2.921080108320838,HKST
2026-01-27 19:30:00,2.759983982260026,3.2425625756603704,HKST
2026-01-27 19:40:00,3.227372135141705,3.4515493872531957,HKST
2026-01-27 19:50:00,2.8214642094069293,3.986043263941128,HKST
2026-01-27 20:00:00,2.5777543953017847,5.372735205198155,HKST
2026-01-27 20:10:00,2.6007441546341905,6.012120221052993,HKST
2026-01-27 20:20:00,2.8095411418506657,6.304472653058086,HKST
2026-01-27 20:30:00,2.87324242450134,6.249627140076457,HKST
2026-01-27 20:40:00,3.7276255826797535,6.335362202725421,HKST
2026-01-27 20:50:00,3.3750282595256795,6.379594246354773,HKST
2026-01-27 21:00:00,3.2745441410015395,6.67024796991959,HKST
2026-01-27 21:10:00,3.6755867369619772,6.826762931748014,HKST
2026-01-27 21:20:00,3.3690733123899657,7.742236127373785,HKST
2026-01-27 21:30:00,3.446212174510521,6.671772567734884,HKST
2026-01-27 21:40:00,3.526751746071967,6.44555078906635,HKST
2026-01-27 21:50:00,2.4412500932379064,5.7056895693364575,HKST
2026-01-27 22:00:00,2.4322739232793493,4.354943243494609,HKST
2026-01-27 22:10:00,2.7225431598186836,4.870701851702008,HKST
2026-01-27 22:20:00,1.6802204316544236,4.935670899887787,HKST
2026-01-27 22:30:00,1.48725490555527,4.871503882005024,HKST
2026-01-27 22:40:00,1.9244866339051203,4.804619802454775,HKST
2026-01-27 22:50:00,3.574229587719831,4.99541495139157,HKST
2026-01-27 23:00:00,4.55901103929271,12.598387717907721,HKST
2026-01-27 23:10:00,7.9179413331163495,12.935652050435145,HKST
2026-01-27 23:20:00,6.580456139603815,10.433038010888376,HKST
2026-01-27 23:30:00,9.072816279991208,10.543221945567858,HKST
2026-01-27 23:40:00,11.22099666820186,10.70259536317518,HKST
2026-01-27 23:50:00,11.975416051952138,10.878392749892445,HKST
2026-01-27 00:00:00,17.52981657243501,19.272377147157428,HKWS
2026-01-27 00:10:00,18.820720782420345,19.581454858029428,HKWS
2026-01-27 00:20:00,17.0786606549146,19.094298559819254,HKWS
2026-01-27 00:30:00,19.48339108384834,19.629820487410093,HKWS
2026-01-27 00:40:00,18.640029877427672,19.38217773232949,HKWS
2026-01-27 00:50:00,18.801702815864864,19.705596613904085,HKWS
2026-01-27 01:00:00,17.90511278840462,14.53802547273392,HKWS
2026-01-27 01:10:00,10.27203209146872,11.140599404916058,HKWS
2026-01-27 01:20:00,7.46929897123591,11.473934032845694,HKWS
2026-01-27 01:30:00,8.51868676016614,12.386066010202512,HKWS
2026-01-27 01:40:00,11.561427040540163,13.061849849213159,HKWS
2026-01-27 01:50:00,8.153059737478596,13.571162418908923,HKWS
2026-01-27 02:00:00,9.309963228926488,12.056391855634478,HKWS
2026-01-27 02:10:00,6.781613274357348,12.702511567871065,HKWS
2026-01-27 02:20:00,7.789725394984348,13.240414401498565,HKWS
2026-01-27 02:30:00,8.567754660653488,13.018142609391766,HKWS
2026-01-27 02:40:00,10.674684281228759,13.411975301267365,HKWS
2026-01-27 02:50:00,10.88745502164973,13.864054673012802,HKWS
2026-01-27 03:00:00,12.463553321375255,11.718183644960074,HKWS
2026-01-27 03:10:00,11.944924101252129,11.52267123838187,HKWS
2026-01-27 03:20:00,14.611037555456294,12.325455941078776,HKWS
2026-01-27 03:30:00,15.099907728829812,13.137223411080907,HKWS
2026-01-27 03:40:00,18.111151395410353,14.640668042406348,HKWS
2026-01-27 03:50:00,19.857852210021964,15.16254918806733,HKWS
2026-01-27 04:00:00,22.564272062203067,18.99156207797745,HKWS
2026-01-27 04:10:00,19.95348187863496,21.171573237804186,HKWS
2026-01-27 04:20:00,17.331636149490883,19.850357905888636,HKWS
2026-01-27 04:30:00,12.939926075603916,13.55094786507601,HKWS
2026-01-27 04:40:00,12.828766942875712,16.436248881484254,HKWS
2026-01-27 04:50:00,13.00613911883529,15.284773806646598,HKWS
2026-01-27 05:00:00,11.70801312769018,14.97077546554952,HKWS
2026-01-27 05:10:00,11.970254581283346,13.907289532425109,HKWS
2026-01-27 05:20:00,10.706041805053628,10.312521966605864,HKWS
2026-01-27 05:30:00,8.417877400291626,9.413186435484864,HKWS
2026-01-27 05:40:00,8.250553668395817,9.83171490952495,HKWS
2026-01-27 05:50:00,7.051196247296282,8.756034860299227,HKWS
2026-01-27 06:00:00,5.8139809089607475,7.776649756668212,HKWS
2026-01-27 06:10:00,6.462491100864025,6.423444539025883,HKWS
2026-01-27 06:20:00,5.749871856994627,7.25078555491516,HKWS
2026-01-27 06:30:00,10.676380516573566,13.857448387817062,HKWS
2026-01-27 06:40:00,11.07907351394936,11.526713779413118,HKWS
2026-01-27 06:50:00,11.322206932703207,11.526643268526637,HKWS
2026-01-27 07:00:00,14.04287658782922,19.29706812130911,HKWS
2026-01-27 07:10:00,14.83134131292487,20.75889499343925,HKWS
2026-01-27 07:20:00,14.628844096431031,17.29560040089489,HKWS
2026-01-27 07:30:00,16.490997868167916,14.197102191636944,HKWS
2026-01-27 07:40:00,15.49016720708823,12.331247500552152,HKWS
2026-01-27 07:50:00,16.94950889702071,9.979421425068594,HKWS
2026-01-27 08:00:00,15.060099932817606,13.344104972013795,HKWS
2026-01-27 08:10:00,29.874684541502333,42.21943189489724,HKWS
2026-01-27 08:20:00,28.731053323872743,29.19332134775937,HKWS
2026-01-27 08:30:00,19.42071468874962,20.521521362439636,HKWS
2026-01-27 08:40:00,19.806985841244664,19.861139723246957,HKWS
2026-01-27 08:50:00,22.510554715482613,24.200209389835546,HKWS
2026-01-27 09:00:00,20.276314188633354,22.746262480414046,HKWS
2026-01-27 09:10:00,16.1319419708377,17.84522651571696,HKWS
2026-01-27 09:20:00,17.050760359389926,17.653948346009756,HKWS
2026-01-27 09:30:00,16.851027914856697,18.51994979662513,HKWS
2026-01-27 09:40:00,14.724692388198243,19.26810463395927,HKWS
2026-01-27 09:50:00,11.385216269960932,19.882754668360473,HKWS
2026-01-27 10:00:00,6.753595750964602,15.025654814083481,HKWS
2026-01-27 10:10:00,7.362104320552849,16.426842792096757,HKWS
2026-01-27 10:20:00,9.558219940356562,15.207143198159951,HKWS
2026-01-27 10:30:00,12.66903092653904,13.51447313761578,HKWS
2026-01-27 10:40:00,15.405460976997396,11.963827522924639,HKWS
2026-01-27 10:50:00,14.698395910641903,10.713359822804204,HKWS
2026-01-27 11:00:00,18.66444696630213,12.477901363101108,HKWS
2026-01-27 11:10:00,24.80075651407056,15.671322951174954,HKWS
2026-01-27 11:20:00,21.030788003622725,16.62898688874776,HKWS
2026-01-27 11:30:00,14.915232431715124,11.912816238023932,HKWS
2026-01-27 11:40:00,13.228417093806756,14.455253853660679,HKWS
2026-01-27 11:50:00,13.271346723624502,10.945488386633244,HKWS
2026-01-27 12:00:00,13.278827349182162,10.909270490091364,HKWS
2026-01-27 12:10:00,11.362187523533631,11.756732548334586,HKWS
2026-01-27 12:20:00,14.249293738058537,14.856238209540901,HKWS
2026-01-27 12:30:00,13.939906291113044,17.029511808297674,HKWS
2026-01-27 12:40:00,14.001487711326835,17.105517893430946,HKWS
2026-01-27 12:50:00,13.52114890208437,16.287350093571725,HKWS
2026-01-27 13:00:00,15.550137377180837,16.893543271734796,HKWS
2026-01-27 13:10:00,14.061633278638947,15.554138765650544,HKWS
2026-01-27 13:20:00,11.317670931146797,13.787888930347094,HKWS
2026-01-27 13:30:00,10.137330503694653,12.198803579534843,HKWS
2026-01-27 13:40:00,6.183634560680151,8.89119114952408,HKWS
2026-01-27 13:50:00,2.9936592778208015,7.596280492417195,HKWS
2026-01-27 14:00:00,4.5398951273205235,4.902398497917524,HKWS
2026-01-27 14:10:00,5.558927983670765,5.208447122613372,HKWS
2026-01-27 14:20:00,4.42291133629614,5.183904483268947,HKWS
2026-01-27 14:30:00,5.724662946818455,5.190852368093327,HKWS
2026-01-27 14:40:00,4.9928245503099085,5.13611902827571,HKWS
2026-01-27 14:50:00,4.112551205013256,5.345335285818271,HKWS
2026-01-27 15:00:00,3.124193437776131,2.591916432673437,HKWS
2026-01-27 15:10:00,3.4114768180649837,2.7296589981259243,HKWS
2026-01-27 15:20:00,2.0328180300624767,3.2140115534756637,HKWS
2026-01-27 15:30:00,0.9913767747291145,3.6952044452267208,HKWS
2026-01-27 15:40:00,1.7086922744420385,4.103364373957609,HKWS
2026-01-27 15:50:00,1.5034757282528615,3.8365023100272837,HKWS
2026-01-27 16:00:00,1.8378157593770759,4.3800357903128635,HKWS
2026-01-27 16:10:00,2.6619785564509453,4.3711392505058075,HKWS
2026-01-27 16:20:00,2.9930822124625402,4.190439275302587,HKWS
2026-01-27 16:30:00,2.5085661241478876,4.4875775827319515,HKWS
2026-01-27 16:40:00,3.707144146822995,4.520718963593861,HKWS
2026-01-27 16:50:00,3.9459128759705218,4.683729105910379,HKWS
2026-01-27 17:00:00,4.981410826297764,4.6408556158274346,HKWS
2026-01-27 17:10:00,4.70581998351955,4.479961985418897,HKWS
2026-01-27 17:20:00,4.714250087575227,4.51815956126608,HKWS
2026-01-27 17:30:00,4.198987469174357,4.648814681516415,HKWS
2026-01-27 17:40:00,3.301009796245406,4.785732924747336,HKWS
2026-01-27 17:50:00,4.476009195649753,5.088676337842385,HKWS
2026-01-27 18:00:00,3.578927433730062,4.930871809756873,HKWS
2026-01-27 18:10:00,3.8302323639703273,5.125754936627087,HKWS
2026-01-27 18:20:00,4.570561286872973,5.403392344973296,HKWS
2026-01-27 18:30:00,2.4073194278433188,5.79220876287034,HKWS
2026-01-27 18:40:00,2.680669066727016,6.334849664226524,HKWS
2026-01-27 18:50:00,2.9751351333168525,6.806468631106315,HKWS
2026-01-27 19:00:00,3.109196276413742,5.056500884414103,HKWS
2026-01-27 19:10:00,2.101823871572077,4.720468863386004,HKWS
2026-01-27 19:20:00,2.251846695377509,3.383473396713117,HKWS
2026-01-27 19:30:00,2.963862355163814,3.1469430227587374,HKWS
2026-01-27 19:40:00,2.486266944139076,3.367983193826195,HKWS
2026-01-27 19:50:00,2.725380526485732,3.949594446630955,HKWS
2026-01-27 20:00:00,2.0600337761824323,5.480499130747328,HKWS
2026-01-27 20:10:00,3.1518935749207815,5.965152658049789,HKWS
2026-01-27 20:20:00,3.58027686407954,6.180075700423245,HKWS
2026-01-27 20:30:00,2.82757023431941,6.245049041949439,HKWS
2026-01-27 20:40:00,3.95425693592184,6.3285816505961066,HKWS
2026-01-27 20:50:00,3.7959874244223166,6.370511848249873,HKWS
2026-01-27 21:00:00,3.6370227542736995,6.737162795071278,HKWS
2026-01-27 21:10:00,3.610026275085082,6.892597548760802,HKWS
2026-01-27 21:20:00,4.142326905573769,7.657938912420995,HKWS
2026-01-27 21:30:00,3.8178036876797967,6.680538137628654,HKWS
2026-01-27 21:40:00,4.217385280283473,6.458850973175997,HKWS
2026-01-27 21:50:00,2.9532903096658636,5.789105595992156,HKWS
2026-01-27 22:00:00,2.729809952553431,4.396912973131284,HKWS
2026-01-27 22:10:00,2.3663264391350323,4.8601145697946535,HKWS
2026-01-27 22:20:00,2.7436353387159165,5.054842185547489,HKWS
2026-01-27 22:30:00,2.6176907683933712,4.962614060251971,HKWS
2026-01-27 22:40:00,3.9215600909852624,4.939737826072041,HKWS
2026-01-27 22:50:00,4.205910077814566,5.113890929066212,HKWS
2026-01-27 23:00:00,5.40040377265581,13.047623692652047,HKWS
2026-01-27 23:10:00,8.275023509359867,13.39568159217138,HKWS
2026-01-27 23:20:00,9.471583004533414,10.579390430457451,HKWS
2026-01-27 23:30:00,10.503117609134389,10.53659612474063,HKWS
2026-01-27 23:40:00,12.360079144697302,10.666226035142575,HKWS
2026-01-27 23:50:00,13.547800035680206,10.804394211133658,HKWS
